0x3a1b8f9a8b7123e856cFAabE2c56ee6B5602C804;0x4e7c8cfd38244d386471e3bc17fed9c0748b0d90cd380473c88d27377b2bd19d
0x150951147015947f04E71dBfBbfbFD46E96Ab745;0xa6e8eeba76b373f9b4815055d08e677d580e40d3654f3b9c98ed7d4b40fbae37
0xc28a166b4f7ee49910786c78ddfcd8c081da8d6c;0xc81f324e4bcff12cc6a4df7062aa3539bfb09ee47f8012b95dfc053a1006a592
0x999A3BA5ea00A52C92c12c32a598365dD22E18eF;0xb9cf9e1b83010c7733201326089771099206284dccf299a4fcd24f166fe4d53a
0xAdad19e9c8Da4340121A08ECAeD0f6e8145C4BDc;0x5a1dbe1c16c88cc9da20a8a9383b92e2c2a86223479a8b20d49c7dfb8fb9be0d
0xB6F2af8658144B731A66Ee59C82D0C1c3ea9A854;0x85a1fa260b63fd95dcfee6d2942b315e4355adb405ce1ab1e0b1bf7f2051d7e7
0x46c6517678D1548f4A7D013C2804b111f3c21D29;0x10287ef9f359f4374ee75cb4916e7ac27270c87e7204b58683fc1032a931106c
0x2CFAd2a0865c9E990E9dEA95b362679130730EEb;0xd8b10175ae77fb016a7bf9f5737cf259ab6720590d8967528cbdbe083a4aaf8b
0xc0D3B151b438818c03bbB103f39973fFB6eB9AC3;0x352caf18dcb55557620c7d200a38afd558a9f2ff044f4dd137120cdc7b480b5a
0xDC47bEa185A084439514fDD5edd27dCb78FD31D0;0x0319870b90dbc8ddff0645d732c83b0065c8e247209080cb5df3b4cef2a60ed6
0x353D66849bF1bAe26bbde7e65657BF0034547eC6;0x4980d976186a9964aa43d209b9f55d1c5b36c5ba995b2d4c64b40e5fc56a458f
0x7d2299A762EeA2815Ca909b1803E8627aA2f944E;0xeb7eec1db881fae0e9fd0b5f0dab52b77a077ef12a9620f2285b6aa1fe041a8d
0x2185c66d971ab1e440c25f2e7d0f9903b1d9f2a9;0x95af52cfc7cb2a4d47aac1b1cc207602f0bda82bc21ec8171599856a297cba3a
0x606f060912f57fa7c3c5f02ae6fd933ae280ebd0;0x972d5935c01d03d0a982ea3adfed22b6a7cd8939215bda203f580abb7aac6f3e
0xb3C492E61c8fB5106d1D50139EeBc30B47ffc3f1;0xd2fa678252929da435389da8a38d75acb465342776e9cfb59cb30f306b5eec0d
0xb6E586465B115bb74E52E16a86334cD6105C2beA;0xba1b3b29862bfbf73cadf7f061a7b9ced711bb2b7420fa29e49bfe57a1917f67
0x520258582cb903831bb85c830a300eaa40ab8fbd;0xa7267087f916d9eb0e56f60b7c374f3d45fcf6402c2d610fb125901170a0a598
0xd7017313285f0c1b7e45ebaf5276eb9fc032a077;0x114f94a684f8622af34a1f1597da85d1a9ab26b192b777a89970c60c1fd660c9
0x3d21a58408c47dd4631da17d1c492d06acfef085;0xb365dafd9267e8cb3b819b14c94effb9057235678d0395a0a595e331187620ab
0xF28ac3B85D7B828c9153310fFd833540dbE766F2;0x49dc3b36c879792a105e324aebd7198dd1d2c4e4ec73138dc7dd4ae87508a659
0xFd38347b06D5f68b8CfaEe5aFFd8dB42C473106b;0x15323bb667a8ae2fc6441e0540fcdd5632a1f12ba9f62d6f702c858f8436d8fe
0xc52f12f3e9cdbc221f657a407ebffc116e4c48bd;0xe9d13cc2b141a65c2bdea61906927bc645a9aaf8a715d6dd4114bc2b2064dd82
0xbcbcf9a72476979cb883e37c918aaeac4c7f3b41;0x56d43066a63445e3c3b8d7fdbd2ccb40d8bbe50b552ae375d132dbfbf79d0ebf
0x68467F2628b994f1Cdc7e355899a8002aE9F8863;0x7b76e6547bb080da47f50d1c1a7190c9a845386f592124f5e541b3d152fd9a4c
0x97b4bd7a288e25d1c1a30d5adc07fd7dc5d39b2c;0x8e65e786faa88662f34d5a6ca1403f6295932a325170153feccb638e2bea4c0f
0x3ce1e7a2b491dd5e545bca1a480ed1084712798f;0x8464f3309f025d24dde75b130511aa137a7ccfd559a4797570b742c67cc28227
0xd860D53cf48b0fca593e2380E801A10b69f0537F;0x40df3d663a4f24e2df06ab06244d23bf647cde65b313b40f37c95ebbb8939880
0x1c892c010ed548aebb7cf7b54bfb7bb7bf1758a5;0x5f2fe0d194d9242f0f780a10e6b1eaf07b0844ed829eb07f7e029eb40fdf3576
0x9000ca0c217109502dc64090b9b0320d418609aa;0xfb0efb8fe8cbcf1d02f4bf64a6e630f379f4eb134ffc1e554cf3997e43e00744
0x988ee47f6c16fcbb44d287b8529d618eaf8a47e6;0x40f6982976a0c833c0aa2a01699977027a5ddcf6e0a99cf7fa140df9974adf8a
0xcc3d28b5c9eb7310855b46428c95146751793fbd;0x6f2d5eb621bf9abd4feb902533fb51a0daae4c3d60f9a8eac5cb2e385aac28e6
0x9f999bbd3d393cdf7ae27cee02d9547ce4b5c06f;0xd49ad745d5f399a758cc5df70faf341efdcabd9042eb079df2f534c4875e2d16
0xdcd0b98c7b3832eaac489f139684ce8c28acaae8;0x268439995dd07adf1ae57cb38bd889cd91885f0e63f823b21fa147a5bd4ca0b1
0x953680a0948bd25739b2023716bf11d76922c22b;0x05cc1bfdd0a979baa69a3a79ade967e6c4730060d903a217bd81ce1037ff3928
0xb99b88b3f3ab7efe9ce169c0face066fe3d84bdd;0x005ce4f41ee1261a7e7d3233e3acdbfdbdb26df1da08cf00dadc928ecb563ae5
0x26cf4e1901014a4aa02d1503c4d590d92de4c62b;0x3cbe56d9fc940005b93990d183b7b6f1ccd18b2dff9e2665b2322836c92e5665
0x6461f73d4df4e54360270e4b84c3010723f00545;0xd453cee96402b023ea31ef2fcd842dfa3a42caf07d3a434c5c371075a9b98ba0
0x6df02b5b2ee3e8a260192aa8d9d68474539fe809;0x51e6288cff9fc717760a63a052323dbd1ceeba091cc43ca71f664d62c712f096
0xd7d129967c6b21220304d1b127eaf3d1f98de12a;0x8b122b7d985e4706f2e79d2495435c78954b57d81dafe52b6dd770fa61507c61
0xed410D398C48EEDf554188277e2217339952c4e0;0x890dad48a1d726d69e511dbbcada4e3e8aa0f1082a3718c133c7072db18a7aff
0xBCed216B1BE29f97Bc94C9cfB5bE5B63Ad995e46;0x82408f65daab8204edd08ae93a6dfec274c77c39c1e8ce4ab27eec245944f5eb
